eielsonvoices/quenosllama.wav|que nos llama que nos llama desde alfa de centauro? apareces y desapareces eres y no eres
eielsonvoices/text19.wav|eh desde niño he escuchado mucha música, en mi casa se hacía música, y siempre he tenido necesidad de tener un piano cerca de mí
eielsonvoices/seoscurecen.wav|Se oscurecen Los pies se vuelven esclavos de las manos y los ojos se humedecen el cuerpo entero padece de una antigua enfermedad violeta 
eielsonvoices/97.wav|pero está puesto encima de un ser vivo 
eielsonvoices/uno31.wav|eh presentarme con una máscara que es una máscara un elemento de una instalación para poder partir del momento actual
eielsonvoices/text18.wav|pero la música sí es muy importante, muy muy importante, no solamente el jazz evidentemente sino también toda la música
eielsonvoices/text16.wav|es un, como se dice en Lima, un chapaleo, y me divierte mucho y lo hago para mí, exclusivamente para mí, no sé cómo ha llegado ese
eielsonvoices/dos41.wav|Ricardo la pregunta me toca a mí de cerca, eh, esa fidelidad no es
eielsonvoices/yeresnuevamente.wav|y eres nuevamente eres todavía blanco y negro quenchessa y sólo existes porque te amo te amo te amo
eielsonvoices/46.wav|Esto es parte del jardín lo que pasa es que esto tiene que ser arreglado. Angelo se está ocupando de esto y va a arreglarlo mucho mejor.
eielsonvoices/156.wav|desde niño me moría por los circos. Lloraba como loco para ir al circo, me llevaran al circo en Lima.
eielsonvoices/uno16.wav|o no expresé bien que no seguía escribiendo poesía de la misma manera
eielsonvoices/24.wav|Estuvo trabajando ahí un tiempo, muchos años, se fue cuando yo todavía era chico.
eielsonvoices/48.wav|Y después al otro lado del río también tengo otro terreno más grande Pero eso ya es muy complicado y no llego ahí.  no tengo la fuerza para llegar.
eielsonvoices/dos28.wav|instantes cotidianos incluso de de vivencias poéticas
eielsonvoices/dos4.wav|quizá porque atravecé esa problemática del cuerpo de una manera más o menos felíz, para eso me sirvió justamente 
eielsonvoices/104.wav|y ahí hay una forma, por eso son recientes, de desanudamiento y de desnudamiento taambién por otro lado 
eielsonvoices/dos27.wav|si uno sabe ehm tiene esa capacidad y creo que muchísimos, casi todos la tenemos de alguna manera, todos tenemos
eielsonvoices/157.wav|Cuando llegué a París inmediatamente me fui a ver el circo Medrano y todos los circos que pude y aquí también. Bueno
eielsonvoices/69.wav|Y este es otro estudio que tengo acá para trabajar Aquí hay un trabajo reciente... Es un nudo.
eielsonvoices/dos1.wav|Bueno, te agradezco esta pregunta porque es muy interesante pero también
eielsonvoices/101.wav|Inmediatamente piensa en la muerte
eielsonvoices/miraba.wav|miraba sólo esa puerta y dibujaba dibujaba y miraba esa puerta y dibujaba nuevamente
eielsonvoices/100.wav|porque justamente la gente cuando ve eso, porque es una performance está hecha para ser vista y vivida por los que están alrededor
eielsonvoices/text21.wav|famosa y vieja performance ya de John Cage con el piano, cuando destruye el piano, esta es una cosa muy vieja
eielsonvoices/152.wav|es un juego pero qué juegos, bellísimo, bueno
eielsonvoices/61.wav|Pero la estoy transformando así, estas son cortinas  pero todo alrededor hay cortinas, es un claustro de una vieja iglesia
eielsonvoices/dos3.wav|por la fisicidad y por el cuerpo entonces era muy fuerte, hoy lo es mucho menos
eielsonvoices/88.wav|Comenzaron a ocuparse de eso y se abandonó Y después ha sido de nuevo descubierto después se han clasificado los nudos
eielsonvoices/68.wav|Si quieres, si estás cerca Es la máquina vieja
eielsonvoices/uncigarrillo.wav|Un cigarrillo y luego una sonrisa O primero una sonrisa y luego un cigarrillo Posiblemente encendido 
eielsonvoices/tres2.wav|tal y creativo de cada uno de nosotros, para eso y por eso creo también creo muchísimo en un concepto amplio del arte
eielsonvoices/87.wav|Pero luego ya desde hace muchísimo tiempo creo que mitad del settecentro  Siglo dieciocho
eielsonvoices/verde.wav|verde
eielsonvoices/60.wav|No mires mi mesa de trabajo que es el desastre completo. Ves esa es una fachada en la que estoy trabajando Entonces ahora tú no ves el original
eielsonvoices/146.wav|Y se ocupan de otras cosas, en donde hay imágenes más fuertes y en donde hay temas más dramáticos
eielsonvoices/uno12.wav|de manera que este acercamiento entre las culturas entre el mar o los mares es muy precisa 
eielsonvoices/tres8.wav|hay muchísimas otras cosas importantes y muy hermosas, es en esos terrenos, en esos espacios, que hay que trabajar, entonces la ciencia
eielsonvoices/47.wav|Va a hacer una cosa aquí, ya tenemos algunos planes,
eielsonvoices/39.wav|No, esas son naranjas. Si quieres caminamos aquí en el verde.
eielsonvoices/uno28.wav|Yo creo que lo importante no es lo que se hizo después sino cómo se hizo y para qué sirve, si sirvió para algo, bueno, está bien
eielsonvoices/44.wav|Y cuando llego es lindo porque está todo lleno de flores de azahares.
eielsonvoices/49.wav|Al mar siempre he ido, estos años, este año ahora voy menos porque no me siento muy bien
eielsonvoices/127.wav|entonces lo que me interesa es hacer un no-nudo  
eielsonvoices/text26.wav|desgraciadamente lo que yo puedo hacer, pero sí trato, por lo menos, o por quizá me es natural
eielsonvoices/144.wav|y en muchas declaraciones y en varios poemas hablo de mi posición de payaso.
eielsonvoices/yoteadoro.wav|yo te adoro yo te adoro yo te adoro
eielsonvoices/tres7.wav|algunos especialistas los llamados poetas, o músicos o pintores, hacen lo que pueden, pero yo siempre veo entre los intersticios, entre una y otra arte
eielsonvoices/yno.wav| y no sentirse aún cansado y rehacer aún raya por raya el mismo tigre odiado sin olvidar los ojos los intestinos
eielsonvoices/miespesabarba.wav|mi espesa barba y mi tristeza. Mis pantalones grises y la lluvia.
eielsonvoices/59.wav|y las tengo que montar allá porque ahí están las exposiciones,  y me llaman por teléfono los marchants para eso pero es muy complicado  dicen así
eielsonvoices/esposible.wav|es posible que no llores cuando respiras no te duele el corazón cuando amanece? ¿en dónde está tu cuerpo cuando comes
eielsonvoices/1.wav|No soy una persona solitaria. Es diferente. La diferencia, es que, en general, hay demasiada gente alrededor de mí 
eielsonvoices/dos2.wav|eh terriblemente alejada de mis preocupaciones actuales, de todas maneras, eh, bueno, es cierto que mi preocupación
eielsonvoices/micuerpo.wav|Mi cuerpo es humo materia indiferente Que brilla brilla brilla Y nunca es nada.
eielsonvoices/15.wav|No me gusta toda la música pero la gran música y la buena música si, 
eielsonvoices/uno6.wav|estas dos formas de poesía. Bueno Carlos, muchas gracias por no preguntarme nada, justamente yo tampoco estoy 
eielsonvoices/33.wav|respecto a mi trabajo, un poco indiferentes y todo eso  Bueno nunca he tenido relación con la gente
eielsonvoices/dos40.wav|esto es desgraciadamente lo que está sucediendo y yo creo que ustedes lo saben bastante bien.
eielsonvoices/uno4.wav|poner el acento en el aspecto gráfico, eliminando el aspecto fónico, naturalmente la sintaxis y también el aspecto semántico 
eielsonvoices/tres4.wav|y y el arte... no sólo de la creativdad sino el arte mismo, es una forma infinítamente mas amplia de lo que se cree
eielsonvoices/10.wav|Nunca decidí ser pintor ni escritor ni artista ni nada simplemente salió todo por sí mismo.
eielsonvoices/140.wav|Siempre tuve la idea la idea de hacer algo es decir hacer una payasada pública
eielsonvoices/miromisexo.wav|Miro mi sexo con ternura, mi glande puro y mis testículos repletos de amargura.
eielsonvoices/uno22.wav|es muy complicado, pero yo no creo haber contradicho lo que dije, porque tampoco entendí que con papel se destruyera nada
eielsonvoices/dos44.wav|es lo que... lo que uno siente dentro, de manera que, eh, es justamente para estar siempre cerca que hago ese tipo de trabajo
eielsonvoices/dos36.wav|ehh de hecho desea sólo la poesía o de ser reductivos, aunque yo entiendo a par en su 
eielsonvoices/117.wav|Y sin embargo, todavío sigo sigo trabajando en eso
eielsonvoices/70.wav|Cuando un artista hace algo que parece arte
eielsonvoices/text32.wav|de todas las facultades que tenemos incluso los menores y más isnignificantes actos de nuestra vida. El ritmo 
eielsonvoices/dos22.wav|de manera que cómo ha modificado, esa es la otra pero en realidad hay dos preguntas, cómo la poesía o el arte han modificado a mi persona
eielsonvoices/78.wav|¿Ya? Bueno, por ejemplo, Leonardo Da Vinci, no. Era absolutamente noble lo chantajearon siempre, le quitaron todo, le robaron todo
eielsonvoices/20.wav|con un poco de energía  entonces me pongo a trabajar y necesito la música muy experimental o como se llame
eielsonvoices/dos19.wav|m la poesía en el mundo actual es avanazado eso no ocupa ningún lugar, esa es la triste realidad, más se avanza en el desarrollo
eielsonvoices/109.wav|Yo comencé por allí porque por ahí tenía que empezar, como era natural
eielsonvoices/dos43.wav|justamente que yo me siento muy peruano, siempre, y estoy muy felíz de serlo, no importa en tiempo ni la geografía de todo eso
eielsonvoices/4.wav|Y entonces a la fuerza un poco me circundo, me encierro un poco.
eielsonvoices/sielcorazonsenubla.wav|Si el corazón se nubla el corazón La amapola de carne que adormece nuestra vida El brillo del dolor arroja
eielsonvoices/19.wav|En la tarde no, en la tarde verdad que me gusta cuando hay sol, cuando uno se despierta después de la siesta
eielsonvoices/83.wav|Y eso me parece una actitud muy sana Que te den todo lo necesario para que tú puedas realizar Como se dice tus sueños 
eielsonvoices/sinobrillan.wav|sino brillan simplemente Los intestinos vuelven al abismo azul En donde yacen los caballos Y el tambor de nuestra infancia
eielsonvoices/arrastrando.wav|arrastrando hasta la muerte un manto ensangrentado un centelleante juguete que calcina apareces y desapareces
eielsonvoices/misbrazos.wav|Mis brazos y mis piernas Son los brazos y las piernas De un animal que estornuda Y que no tiene límites 
eielsonvoices/uno23.wav|yo simplemente me expresé con las palabras pero también fuera de ellas con el soporte de las palabras que es el papel
eielsonvoices/yseacaba.wav|nada el amanecer porque es de noche y es lo mismo y se acaba la vida porque ya es tarde y es lo mismo 
eielsonvoices/dos29.wav|nos modificamos continuamente, y yo no creo que ello me haya modificado de una manera particular o diferente a lo a la de los demás
eielsonvoices/166.wav|sino lo que hago hacer a los demás. Hice comprar centenares, centenares de narices, 
eielsonvoices/albergo.wav|De habitación en Roma  Albergo del sole segundo   Un día tú un día
eielsonvoices/uno15.wav|mientras tanto recuerdo muy bien eso... Claro, no creo que dije que no escribiría nunca más poesía, dije 
eielsonvoices/142.wav|Y yo me he considerado siempre un payaso, lo he dicho muchas veces, y es que tú no me conoces porque eres muy joven 
eielsonvoices/89.wav|porque hay millares de nudos varias familias de nudos ¿no? Y luego ehhh
eielsonvoices/dos45.wav|no es eso lo único que hago, pero es fundamental para mí, no quiero insistir demasiado tampoco porque... sería
eielsonvoices/114.wav|Pero te quedas siempre en el lenguaje y yo también me iba quedando sólo en eso
eielsonvoices/120.wav|pero no es lo que yo quiero No es necesario que guste a los demás, no me importa, 
eielsonvoices/cuyonombre.wav|cuyo nombre es melancolía y cuyo emblema es una silla vacía
eielsonvoices/94.wav|Bueno el nudo está presente pero no de esa manera. Está presente en el sentido de que justamente allí hay un desanudamiento.
eielsonvoices/cuerpotransparente.wav|Cuerpo transparente  Completamente azul y despeinado El corazón y la cabeza entre las nubes 
eielsonvoices/noverenunca.wav|no veré nunca nunca tus mil ojos claros con mis dos ojos negros nunca tu cuerpo luminoso entre mis brazos oscuros
eielsonvoices/tres9.wav|es una de esos instrumentos importantísimos, por otro lado, la unidad de las ciencia y etendion del mundo de la cultura científica 
eielsonvoices/dos25.wav|puesto yo encuentro que lo que se llama poesía está siempre por toda la... alrededor de nosotros, solamente hay que saber distinguirla
eielsonvoices/96.wav|No hay ningún tipo de energía, no estpa sometido a ninguna fuerza, está solamente puesto
eielsonvoices/178.wav|No son serios en el sentido banal
eielsonvoices/36.wav|Este es um jardincito un poco tropical Esto es palta
eielsonvoices/37.wav|Y ese de alto así como lo ves es palta y da paltas chiquitas muy ricas. México.
eielsonvoices/semederrama.wav|se me derrama la leche hirviendo sobre la cara y entonces una máscara magnífica con la sonrisa del rey de espadas
eielsonvoices/172.wav|entonces yo salí por allí, ahora claro no te voy a describir como salí de vez en cuando ehh...en su momento quiero decir
eielsonvoices/dos34.wav|y no sólo la contemplación sino también la posib la actitud con la cual nosotros nos acercamos a ella
eielsonvoices/119.wav|Les gusta a los demás pero bueno, el gusto de los demás, no me desagrada, me gratifica
eielsonvoices/uncallejon.wav|y un callejón de ceniza de la cocina a la nada?
eielsonvoices/153.wav|pero todo eso también puede coexistir en una sola persona, por ejemplo en mi caso. No sé por qué
eielsonvoices/105.wav|Muy bien, sólo que el tiempo pasó y entonces el problema de la desnudez  del cuerpo 
eielsonvoices/entremil.wav|entre mil signos de oro y tatuajes y arrugas majestuosas me hacía llorar sobre todo una cicatriz que decía
eielsonvoices/junto.wav|junto a una silla de paja y a una mesa de madera pero sobre todo verás un trapo inmundo
eielsonvoices/110.wav|Pero pasé al nudo a través de los vestidos camisas, blue jeans y todo eso,
eielsonvoices/53.wav|Hay ese arroyo que baja así como es bien alto entre piedras limpias, limpias y el agua es fresquísima y transparente 
eielsonvoices/116.wav|pero ya pasó yo comencé a hacer mi primer nudo en mil novecientos sesenta y tres, de manera que es una eternidad. 
eielsonvoices/52.wav|Pero ahí no hay casas no hay nada que construir es imposible,  pero te aseguro que es una belleza 
eielsonvoices/64.wav|Y alrededor de todo cortinas azules por todos lados Y un poema que va a atravesar todo esto y va a ir por todos lados,
eielsonvoices/32.wav|Yo no tengo ni una persona en Lima que pueda considerar visitable; sí, parientes, algunos parientes, pero han sido siempre, digamos, hostiles
eielsonvoices/text14.wav|otras inquietudes de momento sería demasiado largo
eielsonvoices/dos10.wav|es lo que encontré muy poco después en la filosofía budista Zen, y es la anulación de los contrarios
eielsonvoices/168.wav|Entonces a la entrada de la galería había una canasta así, llena de narices y unas muchachas muy bonitas, eso que te digo, jovencitas,  
eielsonvoices/45.wav|Bien esas son naranjas Las hojas huelen Si arrancas una hoja y te la llevas a la nariz verás qué rico.
eielsonvoices/text15.wav|quisiera responderte con más detalle esa pregunta que es muy importante para mí, pero claro, no es posible, yo no toco el piano en realidad
eielsonvoices/92.wav|Y en realidad ahora se sabe que no es así
eielsonvoices/77.wav|Uno de ellos famoso era Giotto; ¿te das cuenta esa maravilla de artista?  ¿Ya ves? 
eielsonvoices/112.wav|cómo decir, no rígidos y como tú sabes muy bien entre los tejidos y el lenguaje hay muchas conexiones
eielsonvoices/145.wav|Pasa un poco así porque la gente no le hace caso
eielsonvoices/21.wav|o el jazz que es mi segunda pasión y que me encanta, el jazz me encanta
eielsonvoices/vistosaco.wav|Visto saco y pantalón planchado Frecuento hoteles amarillos Nadie me espera ni me conoce ni me mira 
eielsonvoices/cuerposecreto.wav|Cuerpo secreto  Levanto una mano A la altura del ombligo y con la otra Sostengo el hilo ciego que me lleva 
eielsonvoices/detema.wav|De Tema y Variaciones Inventario astros de diamante  cielo despejado árboles sin hojas muro de cemento
eielsonvoices/text22.wav|eh um porque si bien golpear el objeto piano lo que quiere decir es simplemente de
eielsonvoices/170.wav|Y todos decían: pero es grande. Sí pero es que es así ¡ay!  Tiene que ser así porque el artista quiere eso ¡ay mira! Y todos con su naríz muertos de risa
eielsonvoices/98.wav|que al mismo tiempo está inmóvil de manera que ahí lo que hay es una situación de letargo que no es visible
eielsonvoices/17.wav|qué sentido tiene Chopin con un café con leche, el café con leche queda bien con Bach y con Mozart.
eielsonvoices/dos33.wav|yo te voy a contar: nos modifica muchísimo
eielsonvoices/uno18.wav|pero tampoco esto no responde a nada, en realidad en la creación artística no se puede considerar el tiempo lineal
eielsonvoices/118.wav|Me gusta, pero se convierte en una delectación puramente estética se va convirtiéndo en eso y eso me molesta mucho porque no es lo que yo quiero
eielsonvoices/ymilengua.wav|y mi lengua mojada y mis libros en orden Por qué estoy muerto y el vaso igual que ayer y la puerta dorada
eielsonvoices/162.wav|entonces me hice hacer un vestido de payaso prácticamente todo blanco
eielsonvoices/dos17.wav|casi autónomamente, pero luego revelada por el budismo Zen que pocos años después descubrí
eielsonvoices/quearrastrar.wav|que arrastrar todos los días el peso de un corazón desolado
eielsonvoices/183.wav|El que quieras tú, uno chico, corto 
eielsonvoices/ynosoyyo.wav|Y no soy yo que sufre sino el otro: El mismo mono milenario que se refleja en el espejo y llora.
eielsonvoices/uno21.wav|que pueden parecer en el tiempo lineal en el cual vienen ubicados, algo que se hace después
eielsonvoices/169.wav|muchachos también llegaban y a los invitados les decían, ¿una naricita? Y se las ponían 
eielsonvoices/text13.wav|y la manera fue con temas de ese tipo de manera que hasta ese momento he tratado de decir
eielsonvoices/yunaparte.wav|y una parte inútil de nosotros Vuelve a la tierra Todo parece más sencillo y más cercano Y hasta la misma luz de la luna
eielsonvoices/dos38.wav|ese espacio tan vasto se ha reducido a lo mínimo en los países avanzados, y más avanza
eielsonvoices/121.wav|yo considero que lo que estoy haciendo ha perdido un poco su sentido, 
eielsonvoices/164.wav|Después de pocos minutos que estoy delante... detrás de la mesa, salgo adelante, me siento en la mesa y hago tonterías
eielsonvoices/161.wav|tenía la idea de hacer algo ya personalmente, hacer una performance 
eielsonvoices/hayunaglandula.wav|hay una glándula amarilla Que me llena de ternura Y maravilla Hay tejidos que sonríen Y tejidos que se mueren
eielsonvoices/177.wav|pero que son muy divertidos y en realidad hacen reír. 
eielsonvoices/108.wav|pero también mi velo de Maya famoso del hinduísmo es lo que cubre toda la realidad, no sólo el cuerpo el cuerpo
eielsonvoices/111.wav|trabajando textiles, hice materiales fluídos, materiales elásticos, y 
eielsonvoices/uno33.wav|en términos muy detallados, no me es tan fácil, dentro de todo han pasado muchísimos años
eielsonvoices/niunamujer.wav|Ni una mujer ni una hormiga Y ni siquiera una persona educada No me corto el pelo ni la barba Si cuando
eielsonvoices/dos9.wav|y fue una extraordinaria coincidencia porque lo que yo intenté en esos versos
eielsonvoices/5.wav|Me encierro... y al final de cuentas me da resultado
eielsonvoices/dos14.wav|entonces me di cuenta y eso me lo reveló el maestro de entonces que yo había ya encontrado de alguna manera 
eielsonvoices/80.wav|la gente que yo decía en el sentido que lo entendía ¿no?
eielsonvoices/uno9.wav|y al mismo tiempo muy lejano del mar que yo frecuentaba que era el Pacífico nuestro mar 
eielsonvoices/rojo.wav|rojo
eielsonvoices/text29.wav|eso también esta muy ligado a la filosofía Zen, pero tampoco no es necesario seguir la filosofía Zen para esto 
eielsonvoices/uno3.wav|y por otro lado la poesía visual sí es un canal aparte ehhm, que se define por el hecho de
eielsonvoices/165.wav|y hsblo con la gente y los invito. Pero la parte más importante de todo a mi manera de ver, no es ni siquiera lo que yo hago
eielsonvoices/laluzhemafrodita.wav|la luz hermafrodita que se asoma entre los pliegues del profeta es quizás tu escultura de diamante que nos llama 
eielsonvoices/antepuertas.wav|ante puertas escarlata Caigo me levanto vuelvo a caer Me levanto y caigo nuevamente Ante un muro de latidos 
eielsonvoices/54.wav|Todo lleno de esto ¿cómo se llama? de... no eso... laureles que crecen espontáneos allí 
eielsonvoices/text20.wav|he llegado a tener hasta dos en la casa, y nada más que como presencia, por eso me gustó muchísimo la performance de
eielsonvoices/63.wav|¿entiendes? Y aquí hay una fuente en la que había agua entonces tampoco funcionará  sino estará llena de naranjas
eielsonvoices/yelanochecer.wav|y el anochecer lo mismo nada todavía y amarte tanto hasta morir lo mismo
eielsonvoices/uno1.wav|eh bueno, no creo que haya realmente una diferencia radical, es una manera de decir mía eso de poesía escrita como ustedes saben
eielsonvoices/uno7.wav|muchas ganas de responder sino solamente de conversar con ustedes. Tienes razón, yo que soy más bien un hombre de mar, sabes muy bien que soy un hombre de mer, o lo he sido
eielsonvoices/dos46.wav|uh demasiado localista y yo huyo de ese tipo de cosas, pero mi relación con el Perú es siempre muy intensa
eielsonvoices/sigozo.wav|Si gozo somos todos que gozamos Aunque no todos gocen Si lloro somos todos que lloramos Aunque no todos lloren 
eielsonvoices/sinosonido.wav|sino sonido silencio sonido silencio nuevamente sonido otra vez
eielsonvoices/laspersonasylascosas.wav|Las personas y las cosas me dan miedo Tan sólo escucho el sonido de un saxofón hundido entre mis huesos  
eielsonvoices/58.wav|estoy haciendo una fachada, pero también obras para llevaar a Milán y todo, para montarlas allá porquie no puedo terminarlas aquí
eielsonvoices/uno25.wav|no destruir ese lenguaje, sino presentarlo de una manera, digamos, diferente
eielsonvoices/72.wav|Y en general hay que inventar algo, si no se inventa nada
eielsonvoices/hemesinmejilla.wav|Heme sin mejilla y sin mirada Con un rayo de luna en el bolsillo Para vivir Uso una máscara de carne y hueso 
eielsonvoices/128.wav|Sí, es decir que también puede ser considerado un nudo virtual que, en realidad no existe. 
eielsonvoices/dos37.wav|en su opinión la poesía ocupa un espacio muy vasto pero justamente y la pregunta por eso es muy interesante
eielsonvoices/dos18.wav|yo creo que esto es lo que lo que puedo decir en este momento, más detalles es imposible hablar en este tiempo
eielsonvoices/text28.wav|como también es un problema de respiración. Eh, respirar y seguir un ritmo es casi la misma cosa
eielsonvoices/esunaesferadeplomo.wav|es una esfera de plomo que me aplasta el corazón. No tengo patria ni corbata Vivo de espaldas a los astros 
eielsonvoices/50.wav|Por allá por el otro lado,.arriba, hay una colina alta Por ahí tengo un terreno lindísimo, pero es una maravilla nunca le
eielsonvoices/28.wav|No, te repito, no, así Imagínate, en Estados Unidos hay tres mil quinientos Eielson
eielsonvoices/180.wav|yo lo que hacía era hacerlos reír y nada más
eielsonvoices/uno17.wav|y además pasaron bastantes años antes que se publicara algo, las fechas son esas, ehm
eielsonvoices/todoesta.wav|Todo está lleno de luces el laberinto Es una construcción de carne y hueso Un animal amurallado bajo el cielo 
eielsonvoices/tres10.wav|o la cultura humanística es una conquista clara una conquista muy muy eh pasajera muy pequeña todavía
eielsonvoices/tres5.wav|es un poco como la inteligencia que, cremos tener una determinada inteligencia en realidad tenemos toda la inteligencia posible pero la usamos 
eielsonvoices/dos26.wav|no es necesario tampoco hrm perdón, escribirla ni pintarla ni nada de eso, sino simplemente vivirla, quizá es lo más difícil
eielsonvoices/159.wav|lindísimo que lo doblaba así y lo soltaba y saltaba y hacía un volantín
eielsonvoices/82.wav|Pero cuando se trataba de cuestiones prácticas él no se ocupaba de eso le interesaba solamente hacer su trabajo lo mejor posible
eielsonvoices/129.wav|Lo que yo hago son entidades físicas bueno anudo como toda la gente anuda zapatos o corbatas. Yo anudo cuadros. 
eielsonvoices/dos32.wav|eh la contemplación de del cielo estrellado del que hablaba antes, o de la naturaleza que nos rodea más cercana, los animales, de los árboles de
eielsonvoices/dos35.wav|y la actitud con la cual somos recibidos y nosotros recibimos a los demás, todo esto siempre nos cabe y nos construye
eielsonvoices/42.wav|y de vez en cuando de aquí me mandan unas cajas, con Yo puedo comprar en Milán todas las naranjas que quiera 
eielsonvoices/167.wav|las que se aplican así, ¿ya? 
eielsonvoices/182.wav|A veces no siempre Lo leen bien ¿Quieres leer algo? A ver lees bien
eielsonvoices/uno11.wav|muy fuerte y muy presente, en el Pacífico no es de esa manera,  en el Pacífico tenemos más bien en las playas, en las costas, pero no en el mar
eielsonvoices/115.wav|entonces por allí los nudos me ayudaron a salir de eso, 
eielsonvoices/173.wav|Y también con mi naríz
eielsonvoices/71.wav|Que parece arte, realmente no es arte Es una cosa ya seguramente reconocida de alguna manera
eielsonvoices/uno19.wav|en el caso particular mucho menos. En un, digamos, en un tiempo más físico, es posible volver
eielsonvoices/text24.wav|llegar a ciertas posiciones de pericia musical es seguramente lo más alto y lo más importante que se pueda desear
eielsonvoices/51.wav|Gardalis, toda esta zona se llama Gardalis Y la de allá Soloayo que es en alto
eielsonvoices/14.wav|lo que pasa es que no me dediqué mucho pero la música para mí es fundamental, no puedo vivir sin música.
eielsonvoices/126.wav|ver las cosas desnudas, completamente desnudas, no anudadas,  
eielsonvoices/text30.wav|esto cualquiera de nosotros lo sabe, lo importante es tomar consciencia de ello, lo sabemos pero no basta saberlo 
eielsonvoices/cuerpoenexilio.wav|Cuerpo en exilio Tropezando con mis brazos Mi nariz y mis orejas sigo adelante
eielsonvoices/148.wav|que también tiene esas... esos ingredientes, es parte de
eielsonvoices/57.wav|trabajo arriba, hago cosas, porque yo tengo que tener cosas y sobre todo proyectar
eielsonvoices/84.wav|y vivir decentemente, honorablemente,  bien, en fin, sin problemas, y nada más.
eielsonvoices/uno20.wav|y sin anticipar nada ni quedarse tampoco en el pasado, insistir en algunos puntos
eielsonvoices/uno14.wav|bueno, la pregunta es muy interesante, me permite esta vez sí responder en la medida de lo posible
eielsonvoices/hayolores.wav|Hay olores, proteínas y sombreros Hay millares de luceros En mis sienes Y de células oscuras En mis heces 
eielsonvoices/soyuno.wav|Soy uno solo como todos y como todos Soy uno sólo
eielsonvoices/dos30.wav|esto puede ser visto desde afuera eh así, pero para mí no es así, lo que para mí ha significado todo lo que es
eielsonvoices/176.wav|se rieron y yo también, me reí y les conté y les leí unos poemas muy breves, muy breves
eielsonvoices/150.wav|No hay poesía triste si es buena por dramática que sea.  No se puede decir que es triste la poesía de Vallejo es dramática, fuerte, pero no triste  
eielsonvoices/158.wav|Desde niño tenía unos payasos de juguete.  Me acuerdo que el primer payaso de juguete que tuve era un payaso español de madera
eielsonvoices/congran.wav|con gran cuidado comprenderás además por qué todas las noches sobre mi piel cansada
eielsonvoices/text12.wav|trabajo al cual yo llevo mi creatividad es una manera de proponer algo diferente 
eielsonvoices/175.wav|Lo que pasó simplemente es que la gente salí, hice unas bromas, conversé, no sé qué cosa, o sea
eielsonvoices/nilarespiracion.wav|ni la respiración hedionda todo eso para mí es mucho más fácil mucho más suave créame usted
eielsonvoices/sabes.wav|sabes tal vez que entre mis manos las letras de tu nombre que contienen el secreto de los astros son la misma
eielsonvoices/65.wav|por toda la iglesia y que es un poema infinito. Dice simplemente este
eielsonvoices/147.wav|Uno piensa siempre que la poesía tiene que ser una cosa tan dramática, tan seria y tan sublime. En cambio, yo la encuentro
eielsonvoices/7.wav|Me divierto mucho, no digo conmigo mismo sino con lo que hago,
eielsonvoices/9.wav|pero me distraigo muy facilmente y de esa manera si me concentro.
eielsonvoices/lamisma.wav|La misma película en colores En la misma sala oscura Me reúne y me separa de todos 
eielsonvoices/dos49.wav|y recoger en mi trabajo lo que me es posible de ese extraordinario pasado que tenemos todos.
eielsonvoices/130.wav|Pero por otro lado, me parece una transposición casi mecánica ahora. Lo importante es saber qué qué pasa entre 
eielsonvoices/rojoeielson.wav|amarillo verde azul rojo 
eielsonvoices/esculturadepalabras.wav|escultura de palabras apareces y des apareces dejando un hueco encendido entre la a y la s
eielsonvoices/teamo.wav|te amo te amo te amo escultura de palabras escultura de palabras escultura de palabras
eielsonvoices/haytambien.wav|Hay también pañuelos Y botones encendidos Pero sobre todo hay corbatas Hay corbatas hay corbatas
eielsonvoices/99.wav|Es una forma, una de las formas de desanudar
eielsonvoices/62.wav|Al centro el agua ahora la ves así, parece agua natural pero yo la voy a hacer teñir de azul
eielsonvoices/125.wav|De todas maneras la edad que tengo y quisiera ver algo desanudado, eso es lo que estoy persiguiendo   
eielsonvoices/miserable.wav|miserable pelota de papel que ahora arrojo en el canasto?
eielsonvoices/misterio.wav|Misterio  ¿Por qué estoy vivo y el vaso lleno de agua y la puerta cerrada y el cielo igual que ayer y los pájaros dorados
eielsonvoices/uno32.wav|que se ocupa más bien de mi espíritu de mi pensamiento de todo eso y poder remontar un poquito, no demasiado, a lo que hice antes, porque 
eielsonvoices/dos24.wav|entiendo más bien que el arte o la poesía me ha modificado en la medida en la misma medida en que la realidad me ha modificado
eielsonvoices/ymicamisa.wav|y mi camisa de alas blancas pidiendo auxilio en el balcón y verás además verás un catre de hierro
eielsonvoices/141.wav|porque tengo la idea, siempre la he tenido, de que un artista en general es un payaso
eielsonvoices/12.wav|No. No. Mi padre tocaba el piano
eielsonvoices/91.wav|Y se han dado cuenta que se trata de una cosa muy seria. Por ejemplo en los quipus, los quipus es un lenguaje que siempre se dice que es solamente mnemónico
eielsonvoices/139.wav|En realidad, la verdad es que, tomar un vaso de agua, ¿qué cosa es? Tomar un vaso de agua nada más
eielsonvoices/43.wav|Pero me gustan porque son mis naranjas de mi pequeño huerto
eielsonvoices/encuyovientre.wav|En cuyo vientre duerme una muchacha Con una flecha de oro En el ombligo
eielsonvoices/160.wav|Entonces ya se me ocurrió, hace ya, no mucho, pero algunos años
eielsonvoices/entreunabrir.wav|entre un abrir y cerrar de ojos aparecen y desaparecen el efebo de villa adriana la decapitada de castelgandolfo
eielsonvoices/134.wav|con todo el cosmos y con todas las probabilidades de que el cosmos sea una... un tejido, una red 
eielsonvoices/8.wav|que los demás lo vean o no lo vean ese es otro capítulo
eielsonvoices/puerta.wav|puerta de hierro mesa de madera vaso de cristal humo de tabaco taza de café
eielsonvoices/albergodelsole1.wav|albergo del sole primero  dime  ¿tú no temes a la muerte  cuando te lavas los dientes  cuando sonríes
eielsonvoices/ultimocuerpo.wav|Último cuerpo Cuando el momento llega y llega Cada día el momento de sentarse humildemente A defecar
eielsonvoices/uno27.wav|no puedo seguir quemando camisas. Evidentemente es un gesto que se queda en un gesto, y en ese momento, es probable que lo haya tenido ganas de hacer
eielsonvoices/uno8.wav|conozco el mar de desde que tenía uso de razón casi, siempre me he sentido muy cerca de todo eso 
eielsonvoices/tres6.wav|cada uno de nosotros tiene una capacida creativa y artística infinita, y tendría que realizarla
eielsonvoices/uno2.wav|en realidad se trata de  poesía a secas, solamente yo la llamo escrita porque pretendo que la poesía no pueda ser solamente un hecho verbal 
eielsonvoices/esunanillo.wav|Es un anillo de oro Que atraviesa el comedor y la cocina Las estrellas se reúnen en el vientre Y ya no duelen
eielsonvoices/16.wav|entonces, pero no toda junta.  Ahora, por ejemplo, escuchar Chopin es ridículo,
eielsonvoices/dos20.wav|eh material, y la poesía siempre se queda atrás
eielsonvoices/quecosa.wav|qué cosa eres macho y hembra confundidos sol y luna en un instante? no empieza nunca no acaba nunca
eielsonvoices/29.wav|Tres mil quinientos, sí Y en América Latina uno solo que soy yo  Bueno.
eielsonvoices/76.wav|pero era gente que cuidaba mucho, mucho los negocios, pero mucho.
eielsonvoices/azul.wav|azul
eielsonvoices/dos47.wav|y sobretodo, como tú dices, a través del mundo antiguo, el Perú contemporáneo lo conozco menos porque salí muy joven
eielsonvoices/haciamimismo.wav|Hacía mí mismo. Penetro en corredores tiernos Me estrello contra bilis nervios excrementos Humores negros 
eielsonvoices/unvacio.wav|un vacío entre los labios una gota en la retina ¿qué cosa eres verso sin fin alineamiento fugaz de vocales y consonantes
eielsonvoices/107.wav|Tú dices eso claro pero fue un pasaje, la crítica del vestuario, porque también es una máscara que cubre
eielsonvoices/93.wav|Sino que es un lenguaje realmente literario, hay himnos, poesías, muy sofisticado.
eielsonvoices/dos39.wav|el mundo occidental en esta loca carrera hacia el abismo, menos lugar ocupa la poesía
eielsonvoices/ycuando.wav|y cuando reina la oscuridad es lo mismo se eleva el sol porque es de día y es lo mismo o se eleva la luna  
eielsonvoices/163.wav|entonces me hice hacer un vestido de payaso prácticamente todo blanco
eielsonvoices/90.wav|Ya más adelante en los años ochenta se han ocupado más seriamente sobretodo con la ayuda de la tecnología y de las computadoras
eielsonvoices/131.wav|una obra de arte o lo que se llama o se puede llamar una obra de arte como esta, cuál es la distancia que hay o cuál es la cercanía que hay   
eielsonvoices/86.wav|Siempre han nacido como objetos utilitarios en la marinería y en tantas otras cosas,  sobretodo en la marinería
eielsonvoices/11.wav|No, no, nunca tome ninguna decisión simplemente desde nino pintaba, hacía cosas así, pequeños objetos.
eielsonvoices/122.wav|y entonces estoy buscando su verdadero sentido que es justamente salir del nudo. 
eielsonvoices/123.wav|Mi problema actual, yo prefiero siempre hablar de lo que me está sucediendo ahora y en lo que estoy trabajando, es desanudar más que anudar 
eielsonvoices/154.wav|pero yo paso de una cosa a otra, cambio de registro con gran facilidad y me parece normal
eielsonvoices/dos7.wav|pero nunca pensé, como siempre nomás pensé en la publicación porque era
eielsonvoices/55.wav|Sí, terminar varias cosas y la fachada que estoy trabajando
eielsonvoices/lostamboressilenciosos.wav|Los tambores silenciosos de mi sexo y mi cabeza Siempre rodeado de espuma Siempre luchando  
eielsonvoices/dos48.wav|mis raíces siguen allí y a través de las maravillas del pasado yo me siento siempre muy felíz y muy orgulloso de manera que trato de llevar
eielsonvoices/cuerpoenamorado.wav|Cuerpo enamorado Miro mi sexo con ternura Toco la punta de mi cuerpo enamorado Y no soy yo que veo 
eielsonvoices/41.wav|Cuando yo me voy ya maduran cuando estoy allá en Milán ah
eielsonvoices/67.wav|¡No voy a ir! Cuando va a ser, va a ser en noviembre
eielsonvoices/tres3.wav|y de la creación, y no sólo entendida como obra de arte. Creo que la creatividad
eielsonvoices/text23.wav|lo que cuenta no es el instrumento sino lo que se hace con el instrumento sino lo que se hace con el instrumento y también el silencio
eielsonvoices/dos23.wav|o la construcción como se dice de mi persona, en realidad mm está la pregunta se enlaza con la anterior
eielsonvoices/444.wav|Pero me gustan porque son mis naranjas de mi pequeño huerto
eielsonvoices/3.wav|pero no siempre uno puede tampoco exigir tanto y todo.
eielsonvoices/uno13.wav|y está muy presente en mi trabajo, es cierto, tienes toda la razón, no respondo nada, repito lo que tú dices, y me... te agradezco
eielsonvoices/rotacion.wav|Rotación  a veces cuando se eleva el sol el sol se eleva otras veces es la luna y es lo mismo
eielsonvoices/text35.wav|por eso es así tan mmm ehm un poco vaga en sí muy rápida y en en términos muy generales puede ser satisfactoria
eielsonvoices/sinocuando.wav|Sino cuando el cielo me lo pide El cocodrilo es mi hermano querido Las cucarachas mi única familia 
eielsonvoices/81.wav|El rey de Francia se inclinaba delante de él, por decirte
eielsonvoices/yelcielo.wav|y el cielo lleno de agua y los pájaros en orden y mi lengua cerrada y mis libros mojados 
eielsonvoices/31.wav|mis hermanas no, mis hermanas de otro padre.  Tenía como siete años, no existen ya, se acabaron todos 
eielsonvoices/dos11.wav|una cosa que también existe en la... en la filosofía occidental, pero que creo que cobra su plentidud
eielsonvoices/uno30.wav|no sé si todo esto es tan fácil tampoco lo es para mí pues es una cosa muy vieja. Yo quería justamente actualizar el trabajo mío
eielsonvoices/asiavanzo.wav|Así avanzo avanzo todavía Generalmente en cuatro patas Encima de dos zapatos O debajo de un sombrero
eielsonvoices/luchar.wav|luchar todas las noches con un tigre hasta convertirlo en una magnolia y despertarse despertarse todavía 
eielsonvoices/dos12.wav|en el pensamiento budista sobretodo Zen. Esa abolición de los contrarios o por lo menos el encuentro felíz de los contrarios que cambia 
eielsonvoices/sinelotro.wav|sin el otro el mismo mono milenario que se refleja en el remanso y ríe amo el espejo que contemplo sin el otro
eielsonvoices/13.wav|y también mi madre y mi hermana tocaban el piano siempre, yo también toco el piano pero no bien
eielsonvoices/25.wav|Americano, de origen noruego
eielsonvoices/dos5.wav|escribir noche oscura del cuerpo, por eso tardé, tardó la publicación, porque yo en realidad no me tardé nada, simplemente
eielsonvoices/174.wav|Sí, sí, no, yo tengo varios payasos 
eielsonvoices/text25.wav|en el campo de la creación artística y también del del goce de la obra de arte esto no es 
eielsonvoices/abriras.wav|abrirás esa puerta y me verás dormido con una chispa azul en el perfil y verás también mi corazón
eielsonvoices/loluminoso.wav|lo luminoso y lo oscuro no tienen barba ni senos significa lo mismo el caballo de marco aurelio
eielsonvoices/56.wav|Así estoy en Milán, aquí estoy tratando de descansar lo que puedo
eielsonvoices/155.wav|todo esto para decirte lo del payaso. Y lo de payaso siempre me gustaba, desde niñito
eielsonvoices/dos42.wav|en realidad tan misteriosa al contrario, es muy visible, puesto que la revelo continuamente y se debe al hecho 
eielsonvoices/tres1.wav|Considerararán o transforarán en objetos bellos o en pensamientos importantes simplemente hay que seguir el flujo  
eielsonvoices/cubre.wav|cubre mi llanto y todo eso no es nada todavía usted no me creerá pero luchar luchar 
eielsonvoices/ladentadura.wav|la dentadura de marilyn monroe terreno baldío en donde juegan niños verdosos y sin brazos nauseabundas criaturas
eielsonvoices/conmisintestinos.wav|Con mis intestinos, mi tristeza, mi pantalón, y mi camisa.  
eielsonvoices/dos21.wav|de manera que no deseo a nadie que se desarrolle demasiado en ese sentido, eso parece una brutal, una barbaridad, pero es lo que observo en estos países 
eielsonvoices/23.wav|Son cosas muy privadas ¿no? Mi padre trabajaba en un banco y ya está, hasta que se fue
eielsonvoices/uno26.wav|como he hecho también con las camisas, como he hecho con los pantalones, como he hecho con muchas otras cosas, pero eso no quiere decir que porque yo hice un nudo o quemé una camisa alguna vez
eielsonvoices/136.wav|Estoy buscando siempre de aclarar todo porque de por sí, ya soy muy complicado, complejo
eielsonvoices/35.wav|De manera que apenas descubrí que había otro mundo, bueno, me encontré bien 
eielsonvoices/34.wav|Yo siempre he estado por mi cuenta desde antes
eielsonvoices/106.wav|y la crítica del vestido y el vestuario no me interesa más. 
eielsonvoices/95.wav|Para comenzar la tela, el tejido está abierto no está anudado.
eielsonvoices/79.wav|Qué se yo tuvo una vida difícil pero de gran prestigio porque el estaba siempre con lo mejor de lo mejor de este mundo,
eielsonvoices/137.wav|Y el problema es complejo y además si no son complejos los problemas, no tienen ninguna gracia.
eielsonvoices/lalana.wav|la lana tibia que me protege llega hasta el cielo y mientras duermo mientras respiro mientras sollozo
eielsonvoices/181.wav|al final de cuentas todos se reían como locos uhh ahh  Yo las miraba y ¡ahh! Y todo el mundo riéndose y de allí me fuí 
eielsonvoices/mesa.wav|mesa de madera  puerta de hierro muro de cemento árboles sin hojas cielo despejado astros de diamante
eielsonvoices/text34.wav|pero no sin ritmo, o sin armonía. Yo no sé si esa, estas eh eh, digamos
eielsonvoices/escultura.wav|escultura de palabras para una plaza de roma  apareces y desapareces eres y no eres
eielsonvoices/179.wav|Creo que no son tontos pero en fin y la gente escuchaba y se mataba de risa y yo también me mataba de risa y todo eso hasta que poco a poco
eielsonvoices/hormigueo.wav|hormigueo celeste blanco y negro que no cesa y sólo existes porque te amo te amo te amo te amo
eielsonvoices/uno29.wav|sino sirvió para nada hubiera sido mejor que que realmente no hiciera ehh mm no hiciera nada
eielsonvoices/124.wav|Se habla siempre de anudar, anudar, bueno yo he hecho lo que he podido no es nada, pero para mí ya es demasiado  
eielsonvoices/enlugar.wav|en lugar de mi alegría comprenderás entonces cuánto te amaba y por qué durante siglos
eielsonvoices/85.wav|Porque los nudos son, para comenzar son utilitarios,
eielsonvoices/cuerpovestido.wav|Cuerpo vestido  Entre un zapato y un guante Hay corbatas sacos y pantalones Insolentes 
eielsonvoices/18.wav|¿Estás de acuerdo? Y en la noche con la luna la música romántica es perfecta.
eielsonvoices/dos8.wav|una operación que me era necesaria. Estaba aproximándome mucho en esa época justamente al budismo Zen
eielsonvoices/uno5.wav|pero... hay muchas maneras de hacer poesía visual, y en algunos casos se confunde, como usted dice no creo que haya que diferenciar demasiado
eielsonvoices/103.wav|Estas dos maneras de ver las cosas ya te llevan bastante lejos
eielsonvoices/132.wav|entre una entidad vital fundamental como puede ser el D N A y una obra de arte  
eielsonvoices/dos15.wav|y fue justamente él quien me la reveló. Pero yo había trabajado justamente en ese poema, o en esa seria de poemas ehh
eielsonvoices/143.wav|Pero hay muchas entrevistas, tendrías que leer cantidades de libros y una serie de aquí también
eielsonvoices/caminandoconelpancreas.wav|caminando con el páncreas y a veces hasta con los pies me sale luz de las solapas me duele la bragueta y el mundo entero 
eielsonvoices/esculturade.wav|escultura de palabras escultura de palabras escultura de palabras escultura de palabras
eielsonvoices/38.wav|Son riquísimas, hay esas chiquitas ¿Ahora? No, este año no creo que habrán ah Porque a veces un año sí y
eielsonvoices/26.wav|Yo no tengo nada peruano, puede ser que mi alma si.  Eso explica los poemas antiguos todos en la nieve, los pinos, yo no sabía nada.
eielsonvoices/campidoglio.wav|Campidoglio Usted no sabe cuánto pesa un corazón solitario hay noches en que la lana oscura
eielsonvoices/75.wav|Muchos artistas del renacimiento que tú no puedes ni imaginarte qu ienes han sido muy managers, ahora se usa la palabra manager
eielsonvoices/149.wav|pero también puede ser muy irónica, muy llena de humor
eielsonvoices/40.wav|Ves, está lleno de naranjas. Son riquísimas.
eielsonvoices/text17.wav|ese cassette eh que he escuchado ahora a a donde ustedes pero eh 
eielsonvoices/elcerebroenlasombra.wav|el cerebro en la sombra y riñones, hígado, intestinos y hasta los mismos labios la nariz y las orejas
eielsonvoices/30.wav|Bueno, bueno, en realidad hijo único de mi padre 
eielsonvoices/uno10.wav|y más bien encontré mi verdadero mar cuando conocí el mediterráneo, porque justamente, como tú dices, por debajo de ese mar había una cultura
eielsonvoices/dos16.wav|con ese sentimiento. De manera que ese enfrentamiento y esa armonía que al final se encuentra, había sido buscada
eielsonvoices/dos31.wav|bello en este mundo y en la naturaleza misma sin llegar a la obra del hombre de la cultura nos modifica continuamente
eielsonvoices/contro.wav|contro il logorio della vita moderna cynar a beautiful think is a jewel forever
eielsonvoices/102.wav|Al mismo tiempo el único que sabe que no es así soy yo y sobretodo el que está ahí.
eielsonvoices/lapuntademisdedos.wav|La punta de mis dedos toca fácilmente El firmamento y el piso de madera No tengo pies ni cabeza 
eielsonvoices/text31.wav|muy intuitivamente, también hay que tomar mucha consciencia entonces por eso que el budismo Zen es importante porque ayuda a tomar consciencia 
eielsonvoices/text11.wav|pero en este trabajo en el cual colaboro con con un hombre de ciencia
eielsonvoices/22.wav|Bueno en mi casa si, mi madre siempre escuchaba música, y claro siempre escuché música. Eso es todo.
eielsonvoices/simesiento.wav|Si me siento en una silla Son millares que se sientan En su silla Y si fumo un cigarrillo El humo llega a las estrellas 
eielsonvoices/6.wav|Por una razón muy simple: necesito estar conmigo mismo para hacer mis cosas.
eielsonvoices/comparto.wav|Comparto con la yerba y con el sapo El amor a la lluvia con el araña el arte De levantar castillos de saliva 
eielsonvoices/text36.wav|pero... por lo mismo no se puede hacer más
eielsonvoices/151.wav|y tampoco es una poesía así, ligera, inocente y tonta, insignificante la de Eguren, por ejemplo
eielsonvoices/27.wav|¿En realidad no...  cómo puedes pensar que un joven así tam joven piensa en eso? Pero ahí salía esa cosa extraña, como de nostalgia, no visible.
eielsonvoices/135.wav|o lo que se dice firmamento no puede ser sino una red, también eso está contemplado en la teoría de las cuerdas es así
eielsonvoices/138.wav|Pero el budismo zen enseña justamente lo contrario es decir que esa complejidad la creamos nosotros.
eielsonvoices/74.wav|Sino inventar algo que realmente tenga una razón de ser desde el punto de vista espiritual puesto que es arte.
eielsonvoices/uno24.wav|como podría haberlo en una tela, en lugar de usar la tela para pintar usé el papel para escribir y al mismo tiempo
eielsonvoices/torre.wav|hoja de papel torre de palabras hoja de papel taza de café humo de tabaco vaso de cristal
eielsonvoices/133.wav|y al mismo tiempo, en qué sentido estos dos fenómenos se relacionan 
eielsonvoices/73.wav|Pero eso no es tan simple tampoco, no se trata de inventar una máquina que hace helados
eielsonvoices/66.wav|Este poema no tiene principio ni fin y va a estar en todas partes de Sevilla En toda la ciudad, en todos lados
eielsonvoices/2.wav|para lo que yo quiero es decir pocas personas amigas o queridas o inteligentes, qué se yo, está bien,
eielsonvoices/113.wav|Tejido y texto y tessuti y todo eso es lo mismo.
eielsonvoices/amarillo.wav|amarillo
eielsonvoices/dos13.wav|en nuestro mundo es un encuentro combativo y y más bien de sufrimiento... Fue muy importante para mí
eielsonvoices/dos6.wav|trabajé eh, gocé también hacerla, en escribir
eielsonvoices/171.wav|Y todos se pusieron la naríz y los snetaron ahí, todos sentados delante, ahí todos con sus narices señoras de edad, señoras muy elegantes con sus narices
eielsonvoices/haciadonde.wav|hacia dónde vuela todo cuando duermes dejando en una silla tan sólo una camisa un pantalón encendido
